"Date","Developer","Project","Sprint","Page","Module","Submodule","Task ID","Task Description","Frontend Status","Backend Status","Database Status","API Status","Testing Status","Priority","Estimated Hours","Actual Hours","Completion %","Current Status","Blockers","Start Date","Target Date","Remarks"
"2026-06-23","Codex","TixHub","Sprint 1","All","Audit","Project inventory","TH-001","Create project management baseline","Done","Done","Done","Done","Manual only","High","4","4","100","Done","None","2026-06-23","2026-06-23","Baseline created from current files"
"2026-06-23","Codex","TixHub","Sprint 1","project-management/TixHub_Project_Management_GoogleSheets.md","Project Controls","Continuous planning","TH-019","Update roadmap with timeline buckets and continuous update rules","Done","Done","Done","Done","Manual document review","High","2","2","100","Done","None","2026-06-23","2026-06-23","Existing roadmap updated, not reset"
"2026-06-23","Full Stack","TixHub","Sprint 1","/dashboard/movies","Movies","Listing/detail","TH-002","Stabilize movie discovery and detail data","In Progress","In Progress","In Progress","In Progress","Pending","High","6","0","70","In Progress","Needs browser smoke","2026-06-23","2026-06-24","Preserve current dashboard UI"
"2026-06-23","Full Stack","TixHub","Sprint 1","/dashboard/movies/:id/seats","Seats","Live sync","TH-003","Verify user/vendor no-refresh seat updates","Mostly Complete","Mostly Complete","Mostly Complete","Mostly Complete","Pending","High","5","0","85","In Progress","Needs multi-session verification","2026-06-23","2026-06-24","Socket.IO already present"
"2026-06-26","Full Stack","TixHub","Sprint 1 - Stabilization","Multiple","Movie booking payment consistency","Next week work","NW-20260626","Movie booking payment consistency","Payment success/failure states","booking/payment handlers","payment_status alignment","booking/payment handlers","Movie booking smoke test","High","8","","0","Planned","","2026-06-26","2026-06-26","Next week planned work; update after daily completion"
"2026-06-27","Full Stack","TixHub","Sprint 1 - Stabilization","Multiple","Movie flow bug fixing","Next week work","NW-20260627","Movie flow bug fixing","Seat/payment edge cases","Booking conflict handling","Seat source verification","Booking conflict handling","Multi-session seat test","High","5","","0","Planned","","2026-06-27","2026-06-27","Next week planned work; update after daily completion"
"2026-06-29","Full Stack","TixHub","Sprint 1 - Stabilization","Multiple","Vendor movie CRUD hardening","Next week work","NW-20260629","Vendor movie CRUD hardening","Add/Edit movie validation","Movie create/update APIs","movies table fields","Movie create/update APIs","CRUD checklist","High","8","","0","Planned","","2026-06-29","2026-06-29","Next week planned work; update after daily completion"
"2026-06-30","Full Stack","TixHub","Sprint 1 - Stabilization","Multiple","Theatre and screen management","Next week work","NW-20260630","Theatre and screen management","Theatre/screen UI split","Theatre/screen controllers","theatres, screens","Theatre/screen controllers","Create/update smoke","High","8","","0","Planned","","2026-06-30","2026-06-30","Next week planned work; update after daily completion"
"2026-07-01","Full Stack","TixHub","Sprint 1 - Stabilization","Multiple","Show management and pricing","Next week work","NW-20260701","Show management and pricing","Show form UX","Shows/pricing APIs","shows, movie_pricing","Shows/pricing APIs","Show CRUD test","High","8","","0","Planned","","2026-07-01","2026-07-01","Next week planned work; update after daily completion"
"2026-07-02","Full Stack","TixHub","Sprint 1 - Stabilization","Multiple","Vendor booking operations","Next week work","NW-20260702","Vendor booking operations","Booking table/drawer polish","Vendor bookings API","bookings indexes review","Vendor bookings API","Booking status checks","High","8","","0","Planned","","2026-07-02","2026-07-02","Next week planned work; update after daily completion"
"2026-07-03","Full Stack","TixHub","Sprint 1 - Stabilization","Multiple","Refunds, payouts, staff modules","Next week work","NW-20260703","Refunds, payouts, staff modules","Vendor module polish","Refund/payout/staff APIs","refunds, payouts, vendor_staff","Refund/payout/staff APIs","Module smoke test","High","8","","0","Planned","","2026-07-03","2026-07-03","Next week planned work; update after daily completion"
"2026-07-04","Full Stack","TixHub","Sprint 1 - Stabilization","Multiple","Sprint 1 regression","Next week work","NW-20260704","Sprint 1 regression","UI cleanup","API fixes","Schema checks","API fixes","Sprint 1 report","High","5","","0","Planned","","2026-07-04","2026-07-04","Next week planned work; update after daily completion"
