"Date","Day","Work Time","Sprint","Main Work","Frontend","Backend/API","Database","Testing/Output","Status Target"
"2026-06-23","Tuesday","10:00-18:00","Sprint 1 - Stabilization","Project baseline and tracker setup","Route/page inventory","API inventory","DB inventory","Management pack baseline","Done"
"2026-06-24","Wednesday","10:00-18:00","Sprint 1 - Stabilization","Movie seat and QR stabilization","MyBookings QR review","QR scan/check-in review","qr_scans validation","Scanner fallback checklist","Done/In progress"
"2026-06-25","Thursday","10:00-18:00","Sprint 1 - Stabilization","Vendor dashboard improvements","Vendor dashboard, movie dashboard, seat UI","Vendor APIs, block seats","blocked_seat_type, screen_type","Build + smoke checks","In progress"
"2026-06-26","Friday","10:00-18:00","Sprint 1 - Stabilization","Movie booking payment consistency","Payment success/failure states","booking/payment handlers","payment_status alignment","Movie booking smoke test","Planned"
"2026-06-27","Saturday","10:00-15:00","Sprint 1 - Stabilization","Movie flow bug fixing","Seat/payment edge cases","Booking conflict handling","Seat source verification","Multi-session seat test","Planned"
"2026-06-29","Monday","10:00-18:00","Sprint 1 - Stabilization","Vendor movie CRUD hardening","Add/Edit movie validation","Movie create/update APIs","movies table fields","CRUD checklist","Planned"
"2026-06-30","Tuesday","10:00-18:00","Sprint 1 - Stabilization","Theatre and screen management","Theatre/screen UI split","Theatre/screen controllers","theatres, screens","Create/update smoke","Planned"
"2026-07-01","Wednesday","10:00-18:00","Sprint 1 - Stabilization","Show management and pricing","Show form UX","Shows/pricing APIs","shows, movie_pricing","Show CRUD test","Planned"
"2026-07-02","Thursday","10:00-18:00","Sprint 1 - Stabilization","Vendor booking operations","Booking table/drawer polish","Vendor bookings API","bookings indexes review","Booking status checks","Planned"
"2026-07-03","Friday","10:00-18:00","Sprint 1 - Stabilization","Refunds, payouts, staff modules","Vendor module polish","Refund/payout/staff APIs","refunds, payouts, vendor_staff","Module smoke test","Planned"
"2026-07-04","Saturday","10:00-15:00","Sprint 1 - Stabilization","Sprint 1 regression","UI cleanup","API fixes","Schema checks","Sprint 1 report","Planned"
"2026-07-06","Monday","10:00-18:00","Sprint 2 - Core Booking Expansion","Flight discovery stabilization","Flight list/detail fixes","Flight API mapping","flights review","Search/detail test","Planned"
"2026-07-07","Tuesday","10:00-18:00","Sprint 2 - Core Booking Expansion","Flight traveller flow","Passenger form UX","Booking payload handling","flight_bookings","Passenger validation","Planned"
"2026-07-08","Wednesday","10:00-18:00","Sprint 2 - Core Booking Expansion","Flight seat layout","Aircraft seat UI","Flight seat APIs","flight seat JSON","Seat select/block tests","Planned"
"2026-07-09","Thursday","10:00-18:00","Sprint 2 - Core Booking Expansion","Flight payment and confirmation","Review/payment pages","Booking + PNR APIs","bookings, flight_bookings","Payment smoke","Planned"
"2026-07-10","Friday","10:00-18:00","Sprint 2 - Core Booking Expansion","Vendor flight dashboard","FlightModule polish","Vendor flight stats","flights","Vendor flight smoke","Planned"
"2026-07-11","Saturday","10:00-15:00","Sprint 2 - Core Booking Expansion","Flight bug fixing","Responsive fixes","API bug fixes","Data corrections","Sprint 2 mid check","Planned"
"2026-07-13","Monday","10:00-18:00","Sprint 2 - Core Booking Expansion","Wallet stabilization","Wallet UX states","Wallet APIs","wallet_transactions","Add/cancel checks","Planned"
"2026-07-14","Tuesday","10:00-18:00","Sprint 2 - Core Booking Expansion","User booking history","MyBookings polish","my-bookings/cancel APIs","bookings/refunds","Cancel/refund tests","Planned"
"2026-07-15","Wednesday","10:00-18:00","Sprint 2 - Core Booking Expansion","Cross-module booking consistency","Shared status UI","Status normalization","bookings statuses","Movie/flight comparison","Planned"
"2026-07-16","Thursday","10:00-18:00","Sprint 2 - Core Booking Expansion","Vendor settlements","Settlement UI","Payment detail APIs","payment_details","Settlement smoke","Planned"
"2026-07-17","Friday","10:00-18:00","Sprint 2 - Core Booking Expansion","Sprint 2 regression","UI bug fixes","Backend bug fixes","DB cleanup","Sprint report","Planned"
"2026-07-18","Saturday","10:00-15:00","Sprint 2 - Core Booking Expansion","Buffer and backlog","Small UI fixes","Small API fixes","N/A","Build check","Planned"
"2026-07-20","Monday","10:00-18:00","Sprint 3 - Admin and Multi-Service Vendor","Admin dashboard expansion","Admin UI improvements","Admin users/vendors APIs","users, bookings","Role smoke","Planned"
"2026-07-21","Tuesday","10:00-18:00","Sprint 3 - Admin and Multi-Service Vendor","Admin booking control","Admin booking table","Booking status API","bookings","Admin booking tests","Planned"
"2026-07-22","Wednesday","10:00-18:00","Sprint 3 - Admin and Multi-Service Vendor","Admin vendor approval","Vendor approval UI","Vendor status APIs","users","Vendor status test","Planned"
"2026-07-23","Thursday","10:00-18:00","Sprint 3 - Admin and Multi-Service Vendor","Hotel vendor module","Hotel form/list polish","Vendor listings API","vendor_listings","Hotel create smoke","Planned"
"2026-07-24","Friday","10:00-18:00","Sprint 3 - Admin and Multi-Service Vendor","Bus vendor module","Bus form/list polish","Vendor listings API","vendor_listings","Bus create smoke","Planned"
"2026-07-25","Saturday","10:00-15:00","Sprint 3 - Admin and Multi-Service Vendor","Train vendor module","Train form/list polish","Vendor listings API","vendor_listings","Train create smoke","Planned"
"2026-07-27","Monday","10:00-18:00","Sprint 3 - Admin and Multi-Service Vendor","Multi-service dashboard","Service cards and routes","Dashboard stats by module","DB aggregation review","Vendor service smoke","Planned"
"2026-07-28","Tuesday","10:00-18:00","Sprint 3 - Admin and Multi-Service Vendor","Catalog integration","Browse module polish","Catalog APIs","app_records/vendor_listings","User browse smoke","Planned"
"2026-07-29","Wednesday","10:00-18:00","Sprint 3 - Admin and Multi-Service Vendor","Auth/RBAC hardening","Protected route review","Auth middleware review","users","Role access tests","Planned"
"2026-07-30","Thursday","10:00-18:00","Sprint 3 - Admin and Multi-Service Vendor","Error and empty states","UI empty/error states","API error responses","N/A","Negative tests","Planned"
"2026-07-31","Friday","10:00-18:00","Sprint 3 - Admin and Multi-Service Vendor","Sprint 3 regression","UI fixes","Backend fixes","DB fixes","Sprint report","Planned"
"2026-08-01","Saturday","10:00-15:00","Sprint 3 - Admin and Multi-Service Vendor","Backlog buffer","Minor polish","Minor fixes","N/A","Build check","Planned"
"2026-08-03","Monday","10:00-18:00","Sprint 4 - QA and Hardening","Regression test planning","Test checklist UI map","API checklist","DB checklist","QA plan ready","Planned"
"2026-08-04","Tuesday","10:00-18:00","Sprint 4 - QA and Hardening","Movie regression","Movie pages","Movie APIs","movies/seats/bookings","Movie test pass 1","Planned"
"2026-08-05","Wednesday","10:00-18:00","Sprint 4 - QA and Hardening","Flight regression","Flight pages","Flight APIs","flights/bookings","Flight test pass 1","Planned"
"2026-08-06","Thursday","10:00-18:00","Sprint 4 - QA and Hardening","Vendor regression","Vendor dashboards/modules","Vendor APIs","vendor tables","Vendor test pass 1","Planned"
"2026-08-07","Friday","10:00-18:00","Sprint 4 - QA and Hardening","Admin/wallet regression","Admin/wallet pages","Admin/wallet APIs","users/wallet","Admin/wallet tests","Planned"
"2026-08-08","Saturday","10:00-15:00","Sprint 4 - QA and Hardening","Bug fixing round 1","Critical UI fixes","Critical API fixes","Data corrections","Bug report update","Planned"
"2026-08-10","Monday","10:00-18:00","Sprint 4 - QA and Hardening","Security validation","Client auth checks","JWT/RBAC validation","users","Security checklist","Planned"
"2026-08-11","Tuesday","10:00-18:00","Sprint 4 - QA and Hardening","Input validation","Form validation","Server validation","Constraints review","Validation tests","Planned"
"2026-08-12","Wednesday","10:00-18:00","Sprint 4 - QA and Hardening","Performance pass","Bundle/page checks","Query/API review","Index review","Performance notes","Planned"
"2026-08-13","Thursday","10:00-18:00","Sprint 4 - QA and Hardening","Payment hardening","Payment UX","Payment verification","bookings/payment fields","Payment tests","Planned"
"2026-08-14","Friday","10:00-18:00","Sprint 4 - QA and Hardening","QR and scanner hardening","QR UI","Scanner APIs","qr_scans","Browser camera tests","Planned"
"2026-08-15","Saturday","10:00-15:00","Sprint 4 - QA and Hardening","Bug fixing round 2","UI fixes","API fixes","DB fixes","Build + report","Planned"
"2026-08-17","Monday","10:00-18:00","Sprint 4 - QA and Hardening","Deployment preparation","Env handling","Server config","Migration order","Deployment checklist","Planned"
"2026-08-18","Tuesday","10:00-18:00","Sprint 4 - QA and Hardening","Production build readiness","Frontend build","Backend start scripts","DB init review","Build verification","Planned"
"2026-08-19","Wednesday","10:00-18:00","Sprint 4 - QA and Hardening","Logging and monitoring","Error display review","Server logs","N/A","Health checks","Planned"
"2026-08-20","Thursday","10:00-18:00","Sprint 4 - QA and Hardening","Release candidate fixes","RC UI fixes","RC API fixes","RC DB fixes","RC test pass","Planned"
"2026-08-21","Friday","10:00-18:00","Sprint 4 - QA and Hardening","Sprint 4 closure","Final QA fixes","Final backend fixes","Final schema review","QA summary","Planned"
"2026-08-22","Saturday","10:00-15:00","Sprint 4 - QA and Hardening","Release candidate buffer","UI polish","API polish","N/A","RC build","Planned"
"2026-08-24","Monday","10:00-18:00","Sprint 5 - UAT and Deployment","UAT preparation","UAT scripts/screens","UAT test accounts","Seed data","UAT pack ready","Planned"
"2026-08-25","Tuesday","10:00-18:00","Sprint 5 - UAT and Deployment","User UAT cycle","User journey fixes","Booking fixes","Booking data fixes","UAT user report","Planned"
"2026-08-26","Wednesday","10:00-18:00","Sprint 5 - UAT and Deployment","Vendor UAT cycle","Vendor page fixes","Vendor API fixes","Vendor data fixes","UAT vendor report","Planned"
"2026-08-27","Thursday","10:00-18:00","Sprint 5 - UAT and Deployment","Admin UAT cycle","Admin page fixes","Admin API fixes","Admin data fixes","UAT admin report","Planned"
"2026-08-28","Friday","10:00-18:00","Sprint 5 - UAT and Deployment","UAT bug triage","High-priority UI fixes","High-priority API fixes","Data corrections","UAT bug list","Planned"
"2026-08-29","Saturday","10:00-15:00","Sprint 5 - UAT and Deployment","UAT buffer","Small UAT fixes","Small UAT fixes","N/A","Build check","Planned"
"2026-08-31","Monday","10:00-18:00","Sprint 5 - UAT and Deployment","Final feature freeze","UI freeze","API freeze","Schema freeze","Freeze checklist","Planned"
"2026-09-01","Tuesday","10:00-18:00","Sprint 5 - UAT and Deployment","Regression pass 2","Full UI regression","Full API regression","DB verification","Regression report","Planned"
"2026-09-02","Wednesday","10:00-18:00","Sprint 5 - UAT and Deployment","Data migration rehearsal","N/A","Migration scripts","Migration rehearsal","Migration report","Planned"
"2026-09-03","Thursday","10:00-18:00","Sprint 5 - UAT and Deployment","Deployment rehearsal","Build/deploy UI","Backend deploy","DB deploy","Rehearsal report","Planned"
"2026-09-04","Friday","10:00-18:00","Sprint 5 - UAT and Deployment","Production readiness review","UI signoff","API signoff","DB signoff","Go/no-go notes","Planned"
"2026-09-05","Saturday","10:00-15:00","Sprint 5 - UAT and Deployment","Release buffer","Final polish","Final polish","Backup check","Build check","Planned"
"2026-09-07","Monday","10:00-18:00","Sprint 5 - UAT and Deployment","Final bug fixing","P1/P2 UI bugs","P1/P2 API bugs","Data fixes","Bug tracker update","Planned"
"2026-09-08","Tuesday","10:00-18:00","Sprint 5 - UAT and Deployment","Payment and booking final test","Booking UI","Payment APIs","bookings","Payment signoff","Planned"
"2026-09-09","Wednesday","10:00-18:00","Sprint 5 - UAT and Deployment","Vendor/admin final test","Vendor/admin UI","Vendor/admin APIs","Vendor/admin DB","Role signoff","Planned"
"2026-09-10","Thursday","10:00-18:00","Sprint 5 - UAT and Deployment","User final test","User UI","User APIs","User data","User signoff","Planned"
"2026-09-11","Friday","10:00-18:00","Sprint 5 - UAT and Deployment","Release documentation","User/vendor notes","API notes","Migration notes","Release notes draft","Planned"
"2026-09-12","Saturday","10:00-15:00","Sprint 5 - UAT and Deployment","Documentation buffer","Screenshots/checklists","Runbook updates","Backup notes","Docs complete","Planned"
"2026-09-14","Monday","10:00-18:00","Sprint 5 - UAT and Deployment","Final production checklist","UI final build","Backend final start","DB backup","Checklist complete","Planned"
"2026-09-15","Tuesday","10:00-18:00","Sprint 5 - UAT and Deployment","Staging approval","Staging UI","Staging API","Staging DB","Staging signoff","Planned"
"2026-09-16","Wednesday","10:00-18:00","Sprint 5 - UAT and Deployment","Production deployment prep","Build artifacts","Runtime env","Migration scripts","Deploy plan signed","Planned"
"2026-09-17","Thursday","10:00-18:00","Sprint 5 - UAT and Deployment","Production cutover rehearsal","Smoke scripts","Health endpoints","Backup/restore check","Launch readiness","Planned"
"2026-09-18","Friday","10:00-18:00","Sprint 5 - UAT and Deployment","Final delivery and launch","Final UI check","Final API check","Final DB check","Production launch report","Expected Complete"
